{"loss": [1.3849880695343018, 0.4824674129486084, 0.28436416387557983, 0.19682089984416962, 0.14526741206645966, 0.11045290529727936, 0.09074347466230392, 0.07628986984491348, 0.06502269953489304, 0.05630624666810036], "accuracy": [0.5912796258926392, 0.8462479710578918, 0.9097802042961121, 0.9360978603363037, 0.952841579914093, 0.9636673927307129, 0.9706522226333618, 0.9748203754425049, 0.978632926940918, 0.982032835483551], "val_loss": [0.5325688719749451, 0.24108299612998962, 0.17049285769462585, 0.08450766652822495, 0.10330871492624283, 0.054058704525232315, 0.053485505282878876, 0.09562399983406067, 0.0771302729845047, 0.04712512716650963], "val_accuracy": [0.8361334204673767, 0.9240201711654663, 0.9429120421409607, 0.9734832048416138, 0.9662707448005676, 0.9826018810272217, 0.9824027419090271, 0.9690589904785156, 0.9742371439933777, 0.9854470491409302]}